<?xml version="1.0"?>
<doc>
    <assembly>
        <name>LSharp.Libraries</name>
    </assembly>
    <members>
        <member name="T:LSharp.Libraries.Container">
            <summary>
            The class that contains the Libraries definitions
            </summary>
        </member>
        <member name="M:LSharp.Libraries.Container.#ctor(LSharp.Environment)">
            <summary>
            Creates the Library entries for L#
            </summary>
            <param name="environment"></param>
        </member>
        <member name="M:LSharp.Libraries.Container.GuiInspect(LSharp.Cons,LSharp.Environment)">
            <summary>
            (gui-inspect OBJECT)
            shows a Form with data on the item OBJECT
            </summary>
            <param name="args"></param>
            <param name="environment"></param>
            <returns></returns>
        </member>
        <member name="M:LSharp.Libraries.Container.PlaySound(LSharp.Cons,LSharp.Environment)">
            <summary>
            (play-sound filename)
            Plays the sound from filename
            </summary>
            <param name="args"></param>
            <param name="e"></param>
            <returns></returns>
        </member>
        <member name="T:LSharp.InspectorForm">
            <summary>
            The form for Gui-Inspect
            </summary>
        </member>
        <member name="M:LSharp.InspectorForm.#ctor(System.Object)">
            <summary>
            Initializes the form with ElementToInspect as the object being inspected
            </summary>
            <param name="ElementToInspect"></param>
        </member>
        <member name="F:LSharp.InspectorForm.components">
            <summary>
            Required designer variable.
            </summary>
        </member>
        <member name="M:LSharp.InspectorForm.Dispose(System.Boolean)">
            <summary>
            Clean up any resources being used.
            </summary>
            <param name="disposing">true if managed resources should be disposed; otherwise, false.</param>
        </member>
        <member name="M:LSharp.InspectorForm.InitializeComponent">
            <summary>
            Required method for Designer support - do not modify
            the contents of this method with the code editor.
            </summary>
        </member>
        <member name="T:LSharp.Libraries.Sound">
            <summary>
            Summary description for Sound.
            </summary>
        </member>
        <member name="M:LSharp.Libraries.Sound.Play(System.String)">
            <summary>
            Plays a sound from filename
            </summary>
            <param name="filename"></param>
        </member>
        <member name="T:LSharp.Libraries.TrustAllCertificatePolicy">
            <summary>
            Provides a completely open certificate policy that accepts any
            certificate ** USE WITH CARE **
            </summary>
        </member>
        <member name="M:LSharp.Libraries.TrustAllCertificatePolicy.#ctor">
            <summary>
            initialize this.
            </summary>
        </member>
        <member name="M:LSharp.Libraries.TrustAllCertificatePolicy.CheckValidationResult(System.Net.ServicePoint,System.Security.Cryptography.X509Certificates.X509Certificate,System.Net.WebRequest,System.Int32)">
            <summary>
            Accept any certificate
            </summary>
            <param name="sp"></param>
            <param name="cert"></param>
            <param name="req"></param>
            <param name="problem"></param>
            <returns></returns>
        </member>
    </members>
</doc>
