<?xml version="1.0"?>
<doc>
    <assembly>
        <name>LSharp.Libraries</name>
    </assembly>
    <members>
        <member name="T:LSharp.Libraries.Sound">
            <summary>
            Summary description for Sound.
            </summary>
        </member>
        <member name="T:LSharp.Libraries.TrustAllCertificatePolicy">
            <summary>
            Provides a completely open certificate policy that accepts any
            certificate ** USE WITH CARE **
            </summary>
        </member>
        <member name="M:LSharp.Libraries.TrustAllCertificatePolicy.CheckValidationResult(System.Net.ServicePoint,System.Security.Cryptography.X509Certificates.X509Certificate,System.Net.WebRequest,System.Int32)">
            <summary>
            Accept any certificate
            </summary>
            <param name="sp"></param>
            <param name="cert"></param>
            <param name="req"></param>
            <param name="problem"></param>
            <returns></returns>
        </member>
    </members>
</doc>
